<?xml version="1.0" encoding="UTF-8"?>
<configuration scan="false" debug="false">
	<appender name="STDOUT" class="ch.qos.logback.core.ConsoleAppender">
		<encoder>
			<pattern>%d{HH:mm:ss.SSS} %-5level %logger{30} - %msg%n</pattern>
		</encoder>
	</appender>

	<appender name="FILE" class="ch.qos.logback.core.rolling.RollingFileAppender">
		<encoder>
			<pattern>%d{HH:mm:ss.SSS} %-5level %logger{30} - %msg%n</pattern>
		</encoder>

		<rollingPolicy class="ch.qos.logback.core.rolling.TimeBasedRollingPolicy">
			<FileNamePattern>${FLASHDB_HOME}/logs/flashdb.%d{yyyy-MM-dd}.log</FileNamePattern>
			<MaxHistory>30</MaxHistory>
		</rollingPolicy>
		
		<triggeringPolicy class="ch.qos.logback.core.rolling.SizeBasedTriggeringPolicy">
			<MaxFileSize>10MB</MaxFileSize>
		</triggeringPolicy>
	</appender>

	<logger name="com.lingbobu.flashdb" level="INFO" />
	<root level="WARN">
		<appender-ref ref="STDOUT" />
		<appender-ref ref="FILE" />
	</root>
</configuration>