<?xml version="1.0" encoding="UTF-8"?>
<beans xmlns="http://www.springframework.org/schema/beans" xmlns:xsi="http://www.w3.org/2001/XMLSchema-instance"
	xsi:schemaLocation="http://www.springframework.org/schema/beans http://www.springframework.org/schema/beans/spring-beans-3.0.xsd">

    <import resource="classpath:/transfunc.spring.xml"/>

    <bean id="dataSource1" class="org.apache.commons.dbcp.BasicDataSource" lazy-init="true">  
        <property name="driverClassName" value="com.mysql.jdbc.Driver"></property>
        <property name="url" value="jdbc:mysql://127.0.0.1:3306/lingbobu?characterEncoding=UTF8"></property>
        <property name="username" value="root" />
        <property name="password" value="rootPWD" />
        <property name="initialSize" value="1" />
        <property name="maxActive" value="5" />
    </bean>

    <bean id="IKAnalyzer" class="org.wltea.analyzer.lucene.IKAnalyzer" lazy-init="true" />

</beans>
